Unique_ID,ASSAY_ID,Description
Assay_1,600885,NOVARTIS: Inhibition of Plasmodium falciparum 3D7 (drug-susceptible) proliferation in erythrocyte-based infection assay
Assay_2,688422,PUBCHEM_BIOASSAY: qHTS Assay for Modulators of Lamin A Splicing. (Class of assay: confirmatory)
Assay_3,688493,PUBCHEM_BIOASSAY: qHTS Assay for Inhibitors of Human Jumonji Domain Containing 2E (JMJD2E). (Class of assay: confirmatory)
Assay_4,688810,PUBCHEM_BIOASSAY: qHTS Assay for Modulators of miRNAs and/or Activators of miR-21. (Class of assay: confirmatory)
Assay_5,688812,PUBCHEM_BIOASSAY: qHTS Assay for Rab9 Promoter Activators. (Class of assay: confirmatory)
Assay_6,688816,PUBCHEM_BIOASSAY: qHTS Assay for Enhancers of SMN2 Splice Variant Expression. (Class of assay: confirmatory)
Assay_7,688721,PUBCHEM_BIOASSAY: qHTS Assay for Agonists of the Thyroid Stimulating Hormone Receptor. (Class of assay: confirmatory)
Assay_8,688724,PUBCHEM_BIOASSAY: qHTS Assay for Inhibitors of Tyrosyl-DNA Phosphodiesterase (TDP1). (Class of assay: confirmatory)
Assay_9,688739,"PUBCHEM_BIOASSAY: qHTS for Inhibitors of Tau Fibril Formation, Thioflavin T Binding. (Class of assay: confirmatory) [Related pubchem assays: 596 ]"
Assay_10,688759,PUBCHEM_BIOASSAY: VP16 counterscreen qHTS for inhibitors of ROR gamma transcriptional activity. (Class of assay: confirmatory)
Assay_11,688238,PUBCHEM_BIOASSAY: qHTS Assay for Inhibitors of Aldehyde Dehydrogenase 1 (ALDH1A1). (Class of assay: confirmatory) [Related pubchem assays: 1030 (qHTS Validation Assay for Inhibitors of aldehyde dehydrogenase 1 (ALDH1A1))]
Assay_12,688239,PUBCHEM_BIOASSAY: qHTS Assay for Lipid Storage Modulators in Drosophila S3 Cells. (Class of assay: confirmatory)
Assay_13,688141,PUBCHEM_BIOASSAY: qHTS Assay for Inhibitors of Bacillus subtilis Sfp phosphopantetheinyl transferase (PPTase). (Class of assay: confirmatory)
Assay_14,688155,PUBCHEM_BIOASSAY: qHTS Assay for Identifying the Cell-Membrane Permeable IMPase Inhibitors: Potentiation with Lithium. (Class of assay: confirmatory) [Related pubchem assays: 901 ]
Assay_15,688157,PUBCHEM_BIOASSAY: qHTS Assay for Inhibitors of Influenza NS1 Protein Function. (Class of assay: confirmatory)
Assay_16,688171,"PUBCHEM_BIOASSAY: qHTS for Inhibitors of Tau Fibril Formation, Fluorescence Polarization. (Class of assay: confirmatory) [Related pubchem assays: 596 ]"
Assay_17,688317,PUBCHEM_BIOASSAY: qHTS Assay for Inhibitors Targeting the Menin-MLL Interaction in MLL Related Leukemias: Competition With Texas Red Labeled MLL-derived Mutant Peptide. (Class of assay: confirmatory)
Assay_18,688267,"PUBCHEM_BIOASSAY: qHTS Inhibitors of AmpC Beta-Lactamase (assay with detergent). (Class of assay: confirmatory) [Related pubchem assays: 1002 (Confirmation Concentration-Response Assay for Inhibitors of AmpC Beta-Lactamase (assay with detergent)), 585 (Promiscuous and Specific Inhibitors of AmpC Beta-Lactamase (assay without detergent) - a screen old NIH MLSMR collection), 584 (Promiscuous and Specific Inhibitors of AmpC Beta-Lactamase (assay with detergent) - a screen of the old NIH MLSMR collection), 1003 (Confirmation Cuvette-Based Assay for Inhibitors of AmpC Beta-Lactamase (assay with detergent))]"
Assay_19,688360,PUBCHEM_BIOASSAY: qHTS Assay for NPC1 Promoter Activators. (Class of assay: confirmatory)
Assay_20,688620,PUBCHEM_BIOASSAY: qHTS for inhibitors of ROR gamma transcriptional activity. (Class of assay: confirmatory)
Assay_21,688653,PUBCHEM_BIOASSAY: qHTS Assay for Modulators of miRNAs and/or Inhibitors of miR-21. (Class of assay: confirmatory)
Assay_22,688612,PUBCHEM_BIOASSAY: qHTS Assay for Inhibitors of DNA Polymerase Beta. (Class of assay: confirmatory)
Assay_23,600885,NOVARTIS: Inhibition of Plasmodium falciparum 3D7 (drug-susceptible) proliferation in erythrocyte-based infection assay
Assay_24,600886,NOVARTIS: Inhibition of Plasmodium falciparum W2 (drug-resistant) proliferation in erythrocyte-based infection assay
Assay_25,688422,PUBCHEM_BIOASSAY: qHTS Assay for Modulators of Lamin A Splicing. (Class of assay: confirmatory)
Assay_26,688816,PUBCHEM_BIOASSAY: qHTS Assay for Enhancers of SMN2 Splice Variant Expression. (Class of assay: confirmatory)
Assay_27,688239,PUBCHEM_BIOASSAY: qHTS Assay for Lipid Storage Modulators in Drosophila S3 Cells. (Class of assay: confirmatory)
Assay_28,688620,PUBCHEM_BIOASSAY: qHTS for inhibitors of ROR gamma transcriptional activity. (Class of assay: confirmatory)
Assay_29,688422,PUBCHEM_BIOASSAY: qHTS Assay for Modulators of Lamin A Splicing. (Class of assay: confirmatory)
Assay_30,688816,PUBCHEM_BIOASSAY: qHTS Assay for Enhancers of SMN2 Splice Variant Expression. (Class of assay: confirmatory)
Assay_31,737822,PUBCHEM_BIOASSAY: Cytochrome panel assay with activity outcomes. (Class of assay: other) Panel member name: p450-cyp2d6 Compounds with AC50 equal or less than 10 uM are considered active
Assay_32,737826,PUBCHEM_BIOASSAY: Cytochrome panel assay with activity outcomes. (Class of assay: other) Panel member name: p450-cyp2c9 Compounds with AC50 equal or less than 10 uM are considered active
Assay_33,737823,PUBCHEM_BIOASSAY: Cytochrome panel assay with activity outcomes. (Class of assay: other) Panel member name: p450-cyp1a2 Compounds with AC50 equal or less than 10 uM are considered active
Assay_34,737824,PUBCHEM_BIOASSAY: Cytochrome panel assay with activity outcomes. (Class of assay: other) Panel member name: p450-cyp2c19 Compounds with AC50 equal or less than 10 uM are considered active
Assay_35,737825,PUBCHEM_BIOASSAY: Cytochrome panel assay with activity outcomes. (Class of assay: other) Panel member name: p450-cyp3a4 Compounds with AC50 equal or less than 10 uM are considered active
Assay_36,752386,"PUBCHEM_BIOASSAY: Fluorescence Cell-Free Homogeneous Secondary Screen to Identify Inhibitors of DnaB-Intein Splicing Activity. (Class of assay: confirmatory) [Related pubchem assays (depositor defined):AID2223, AID489010, AID492950]"
Assay_37,752310,"PUBCHEM_BIOASSAY: Fluorescence Cell-Free Homogeneous Secondary Screen to Identify Non-Covalent Inhibitors of RecA-Intein Splicing Activity. (Class of assay: confirmatory) [Related pubchem assays (depositor defined):AID2223, AID489010, AID492950]"
Assay_38,809005,PUBCHEM_BIOASSAY: Shn3: Cytotox assay Measured in Cell-Based System Using Plate Reader - 2134-03_Inhibitor_Dose_CherryPick_Activity. (Class of assay: confirmatory)
Assay_39,1301435,PubChem BioAssay. A549 Cytotoxicity Assay Measured in Cell-Based System Using Plate Reader - 7071-06_Antagonist_Dose_CherryPick_Activity.   (Class of assay: confirmatory)
Assay_40,1301666,PubChem BioAssay. SA13 PAX8: cytotoxicity OVCAR8 Measured in Cell-Based System Using Plate Reader - 7054-15_Inhibitor_Dose_DryPowder_Activity.   (Class of assay: confirmatory)
Assay_41,1495242,"PubChem BioAssay. qHTS Assay for Identifying Compounds that block Entry of Ebola Virus, Screen 1 ratio channel.   (Class of assay: confirmatory)"
Assay_42,1495404,"PubChem BioAssay. qHTS Assay for Identifying Compounds that block Entry of Ebola Virus, Screen 1 blue channel.   (Class of assay: confirmatory)"
Assay_43,1495405,"PubChem BioAssay. qHTS Assay for Identifying Compounds that block Entry of Ebola Virus, Screen 2 blue channel.   (Class of assay: confirmatory)"
Assay_44,1495415,"PubChem BioAssay. qHTS Assay for Identifying Compounds that block Entry of Ebola Virus, Screen 2 ratio channel.   (Class of assay: confirmatory)"
Assay_45,737121,"PUBCHEM_BIOASSAY: Dose response counterscreen for uHTS small molecule activators of the adaptive arm of the Unfolded Protein Response via a luminescent-based reporter assay. (Class of assay: confirmatory) [Related pubchem assays (depositor defined):AID463104, AID463126]"
Assay_46,737370,"PUBCHEM_BIOASSAY: Dose response confirmation of small molecule activators of the apoptotic arm of the Unfolded Protein response via a luminescent-based reporter assay. (Class of assay: confirmatory) [Related pubchem assays (depositor defined):AID449763, AID449771]"
Assay_47,737357,PUBCHEM_BIOASSAY: Luminescence Cell-Based Dose Retest to Identify Potentiators of Heat Shock Factor 1 (HSF1). (Class of assay: confirmatory) [Related pubchem assays (depositor defined):AID493224]
Assay_48,737098,"PUBCHEM_BIOASSAY: uHTS luminescence assay for the identification of compounds that inhibit NOD1. uHTS luminescence assay for the identification of compounds that inhibit NOD1, utilizing an NF-kB-mediated luciferase reporter gene activity as a measure of NOD1 modulation (Class of assay: confirmatory) [Related pubchem assays (depositor defined):AID1566, AID1575, AID1849, AID1852, AID2250, AID2255, AID2260, AID2261, AID2264, AID2333, AID2334, AID2335, AID2337, AID2466, AID2469, AID2475, AID2483, AID2485, AID2503, AID2505, AID2789, AID2792, AID2793, AID2798, AID2799, AID2800, AID2801]"
Assay_49,688444,"PUBCHEM_BIOASSAY: Fluorescence Cell-Based Secondary Assay to Identify Inhibitors of Resistant C. albicans Growth in the Presence of Fluconazole. (Class of assay: confirmatory) [Related pubchem assays (depositor defined):AID1979, AID2007]"
Assay_50,688279,"PUBCHEM_BIOASSAY: Fluorescence Cell-Based Secondary Assay for toxicity in mammalian fibroblasts. (Class of assay: confirmatory) [Related pubchem assays (depositor defined):AID1979, AID2007]"
Assay_51,809021,PUBCHEM_BIOASSAY: Dose Response confirmation of uHTS hits for small molecule agonists of the CRF-binding protein and CRF-R2 receptor complex. (Class of assay: confirmatory)
Assay_52,809009,PUBCHEM_BIOASSAY: NCI human tumor cell line growth inhibition assay. Data for the MDA-N Breast cell line. (Class of assay: confirmatory)
Assay_53,809014,PUBCHEM_BIOASSAY: NCI human tumor cell line growth inhibition assay. Data for the SN12C Renal cell line. (Class of assay: confirmatory)
Assay_54,809018,PUBCHEM_BIOASSAY: NCI human tumor cell line growth inhibition assay. Data for the NCI-H23 Non-Small Cell Lung cell line. (Class of assay: confirmatory)
Assay_55,809022,PUBCHEM_BIOASSAY: NCI human tumor cell line growth inhibition assay. Data for the ACHN Renal cell line. (Class of assay: confirmatory)
Assay_56,809023,PUBCHEM_BIOASSAY: NCI human tumor cell line growth inhibition assay. Data for the UO-31 Renal cell line. (Class of assay: confirmatory)
Assay_57,809024,PUBCHEM_BIOASSAY: NCI human tumor cell line growth inhibition assay. Data for the HOP-92 Non-Small Cell Lung cell line. (Class of assay: confirmatory)
Assay_58,809027,PUBCHEM_BIOASSAY: NCI human tumor cell line growth inhibition assay. Data for the HL-60(TB) Leukemia cell line. (Class of assay: confirmatory)
Assay_59,809031,PUBCHEM_BIOASSAY: NCI human tumor cell line growth inhibition assay. Data for the DU-145 Prostate cell line. (Class of assay: confirmatory)
Assay_60,809032,PUBCHEM_BIOASSAY: NCI human tumor cell line growth inhibition assay. Data for the SF-539 Central Nervous System cell line. (Class of assay: confirmatory)
Assay_61,809035,PUBCHEM_BIOASSAY: NCI human tumor cell line growth inhibition assay. Data for the SK-MEL-5 Melanoma cell line. (Class of assay: confirmatory)
Assay_62,809039,PUBCHEM_BIOASSAY: NCI human tumor cell line growth inhibition assay. Data for the MALME-3M Melanoma cell line. (Class of assay: confirmatory)
Assay_63,809044,PUBCHEM_BIOASSAY: NCI human tumor cell line growth inhibition assay. Data for the K-562 Leukemia cell line. (Class of assay: confirmatory)
Assay_64,809048,PUBCHEM_BIOASSAY: NCI human tumor cell line growth inhibition assay. Data for the A498 Renal cell line. (Class of assay: confirmatory)
Assay_65,809051,PUBCHEM_BIOASSAY: NCI human tumor cell line growth inhibition assay. Data for the OVCAR-3 Ovarian cell line. (Class of assay: confirmatory)
Assay_66,809054,PUBCHEM_BIOASSAY: NCI human tumor cell line growth inhibition assay. Data for the MOLT-4 Leukemia cell line. (Class of assay: confirmatory)
Assay_67,809057,PUBCHEM_BIOASSAY: NCI human tumor cell line growth inhibition assay. Data for the HOP-62 Non-Small Cell Lung cell line. (Class of assay: confirmatory)
Assay_68,809059,PUBCHEM_BIOASSAY: NCI human tumor cell line growth inhibition assay. Data for the NCI/ADR-RES Breast cell line. (Class of assay: confirmatory)
Assay_69,809061,PUBCHEM_BIOASSAY: NCI human tumor cell line growth inhibition assay. Data for the U251 Central Nervous System cell line. (Class of assay: confirmatory)
Assay_70,809062,PUBCHEM_BIOASSAY: NCI human tumor cell line growth inhibition assay. Data for the OVCAR-8 Ovarian cell line. (Class of assay: confirmatory)
Assay_71,809073,PUBCHEM_BIOASSAY: NCI human tumor cell line growth inhibition assay. Data for the SNB-19 Central Nervous System cell line. (Class of assay: confirmatory)
Assay_72,809076,PUBCHEM_BIOASSAY: NCI human tumor cell line growth inhibition assay. Data for the DMS 273 Small Cell Lung cell line. (Class of assay: confirmatory)
Assay_73,809077,PUBCHEM_BIOASSAY: NCI human tumor cell line growth inhibition assay. Data for the MDA-MB-231/ATCC Breast cell line. (Class of assay: confirmatory)
Assay_74,809079,PUBCHEM_BIOASSAY: NCI human tumor cell line growth inhibition assay. Data for the SR Leukemia cell line. (Class of assay: confirmatory)
Assay_75,809080,PUBCHEM_BIOASSAY: NCI human tumor cell line growth inhibition assay. Data for the TK-10 Renal cell line. (Class of assay: confirmatory)
Assay_76,809086,PUBCHEM_BIOASSAY: NCI human tumor cell line growth inhibition assay. Data for the SW-620 Colon cell line. (Class of assay: confirmatory)
Assay_77,809089,PUBCHEM_BIOASSAY: NCI human tumor cell line growth inhibition assay. Data for the NCI-H522 Non-Small Cell Lung cell line. (Class of assay: confirmatory)
Assay_78,809091,PUBCHEM_BIOASSAY: NCI human tumor cell line growth inhibition assay. Data for the KM12 Colon cell line. (Class of assay: confirmatory)
Assay_79,809099,PUBCHEM_BIOASSAY: NCI human tumor cell line growth inhibition assay. Data for the M14 Melanoma cell line. (Class of assay: confirmatory)
Assay_80,809100,PUBCHEM_BIOASSAY: NCI human tumor cell line growth inhibition assay. Data for the XF 498 Central Nervous System cell line. (Class of assay: confirmatory)
Assay_81,809101,PUBCHEM_BIOASSAY: NCI human tumor cell line growth inhibition assay. Data for the NCI-H322M Non-Small Cell Lung cell line. (Class of assay: confirmatory)
Assay_82,809102,PUBCHEM_BIOASSAY: NCI human tumor cell line growth inhibition assay. Data for the RPMI-8226 Leukemia cell line. (Class of assay: confirmatory)
Assay_83,809105,PUBCHEM_BIOASSAY: NCI human tumor cell line growth inhibition assay. Data for the OVCAR-4 Ovarian cell line. (Class of assay: confirmatory)
Assay_84,809106,PUBCHEM_BIOASSAY: NCI human tumor cell line growth inhibition assay. Data for the LOX IMVI Melanoma cell line. (Class of assay: confirmatory)
Assay_85,809113,PUBCHEM_BIOASSAY: NCI human tumor cell line growth inhibition assay. Data for the BT-549 Breast cell line. (Class of assay: confirmatory)
Assay_86,809292,PUBCHEM_BIOASSAY: NCI human tumor cell line growth inhibition assay. Data for the SK-MEL-2 Melanoma cell line. (Class of assay: confirmatory)
Assay_87,809302,PUBCHEM_BIOASSAY: NCI human tumor cell line growth inhibition assay. Data for the A549/ATCC Non-Small Cell Lung cell line. (Class of assay: confirmatory)
Assay_88,809308,PUBCHEM_BIOASSAY: NCI human tumor cell line growth inhibition assay. Data for the HCC-2998 Colon cell line. (Class of assay: confirmatory)
Assay_89,809314,PUBCHEM_BIOASSAY: NCI human tumor cell line growth inhibition assay. Data for the SNB-75 Central Nervous System cell line. (Class of assay: confirmatory)
Assay_90,809316,PUBCHEM_BIOASSAY: NCI human tumor cell line growth inhibition assay. Data for the HCT-15 Colon cell line. (Class of assay: confirmatory)
Assay_91,809322,PUBCHEM_BIOASSAY: NCI human tumor cell line growth inhibition assay. Data for the HCT-116 Colon cell line. (Class of assay: confirmatory)
Assay_92,809324,PUBCHEM_BIOASSAY: NCI human tumor cell line growth inhibition assay. Data for the SF-268 Central Nervous System cell line. (Class of assay: confirmatory)
Assay_93,809328,PUBCHEM_BIOASSAY: NCI human tumor cell line growth inhibition assay. Data for the EKVX Non-Small Cell Lung cell line. (Class of assay: confirmatory)
Assay_94,809330,PUBCHEM_BIOASSAY: NCI human tumor cell line growth inhibition assay. Data for the MCF7 Breast cell line. (Class of assay: confirmatory)
Assay_95,809333,PUBCHEM_BIOASSAY: NCI human tumor cell line growth inhibition assay. Data for the PC-3 Prostate cell line. (Class of assay: confirmatory)
Assay_96,809335,PUBCHEM_BIOASSAY: NCI human tumor cell line growth inhibition assay. Data for the DMS 114 Small Cell Lung cell line. (Class of assay: confirmatory)
Assay_97,809337,PUBCHEM_BIOASSAY: NCI human tumor cell line growth inhibition assay. Data for the LXFL 529 Non-Small Cell Lung cell line. (Class of assay: confirmatory)
Assay_98,809343,PUBCHEM_BIOASSAY: NCI human tumor cell line growth inhibition assay. Data for the SK-OV-3 Ovarian cell line. (Class of assay: confirmatory)
Assay_99,809348,PUBCHEM_BIOASSAY: NCI human tumor cell line growth inhibition assay. Data for the T-47D Breast cell line. (Class of assay: confirmatory)
Assay_100,809349,PUBCHEM_BIOASSAY: NCI human tumor cell line growth inhibition assay. Data for the NCI-H460 Non-Small Cell Lung cell line. (Class of assay: confirmatory)
Assay_101,809351,PUBCHEM_BIOASSAY: NCI human tumor cell line growth inhibition assay. Data for the UACC-62 Melanoma cell line. (Class of assay: confirmatory)
Assay_102,809359,PUBCHEM_BIOASSAY: NCI human tumor cell line growth inhibition assay. Data for the CAKI-1 Renal cell line. (Class of assay: confirmatory)
Assay_103,809369,PUBCHEM_BIOASSAY: NCI human tumor cell line growth inhibition assay. Data for the MDA-MB-435 Breast cell line. (Class of assay: confirmatory)
Assay_104,809370,PUBCHEM_BIOASSAY: NCI human tumor cell line growth inhibition assay. Data for the SF-295 Central Nervous System cell line. (Class of assay: confirmatory)
Assay_105,809377,PUBCHEM_BIOASSAY: NCI human tumor cell line growth inhibition assay. Data for the IGROV1 Ovarian cell line. (Class of assay: confirmatory)
Assay_106,809393,PUBCHEM_BIOASSAY: NCI human tumor cell line growth inhibition assay. Data for the HS 578T Breast cell line. (Class of assay: confirmatory)
Assay_107,809401,PUBCHEM_BIOASSAY: NCI human tumor cell line growth inhibition assay. Data for the 786-0 Renal cell line. (Class of assay: confirmatory)
Assay_108,809408,PUBCHEM_BIOASSAY: NCI human tumor cell line growth inhibition assay. Data for the UACC-257 Melanoma cell line. (Class of assay: confirmatory)
Assay_109,809409,PUBCHEM_BIOASSAY: NCI human tumor cell line growth inhibition assay. Data for the CCRF-CEM Leukemia cell line. (Class of assay: confirmatory)
Assay_110,809411,PUBCHEM_BIOASSAY: NCI human tumor cell line growth inhibition assay. Data for the DLD-1 Colon cell line. (Class of assay: confirmatory)
Assay_111,809423,PUBCHEM_BIOASSAY: NCI human tumor cell line growth inhibition assay. Data for the NCI-H226 Non-Small Cell Lung cell line. (Class of assay: confirmatory)
Assay_112,809425,PUBCHEM_BIOASSAY: NCI human tumor cell line growth inhibition assay. Data for the HT29 Colon cell line. (Class of assay: confirmatory)
Assay_113,809426,PUBCHEM_BIOASSAY: NCI human tumor cell line growth inhibition assay. Data for the SK-MEL-28 Melanoma cell line. (Class of assay: confirmatory)
Assay_114,809428,PUBCHEM_BIOASSAY: NCI human tumor cell line growth inhibition assay. Data for the RXF 393 Renal cell line. (Class of assay: confirmatory)
Assay_115,809431,PUBCHEM_BIOASSAY: NCI human tumor cell line growth inhibition assay. Data for the COLO 205 Colon cell line. (Class of assay: confirmatory)
Assay_116,737256,"PUBCHEM_BIOASSAY: Dose response confirmation of uHTS of chemical inhibitors of B-cell specific antigen receptor-induced NF-kB activation in a 697B cell line using a luminescence assay. (Class of assay: confirmatory) [Related pubchem assays (depositor defined):AID435022, AID435025, AID465]"
Assay_117,737262,"PUBCHEM_BIOASSAY: Dose Response confirmation of uHTS for the identification of UBC13 Polyubiquitin Inhibitors via a TR-FRET Assay. (Class of assay: confirmatory) [Related pubchem assays (depositor defined):AID485273, AID485343, AID493182]"
Assay_118,737390,"PUBCHEM_BIOASSAY: Dose Response confirmation of uHTS for inhibitors of Sentrin-specific protease 8 (SENP8) using a Luminescent assay. (Class of assay: confirmatory) [Related pubchem assays (depositor defined):AID2540, AID2575, AID2582, AID434986]"
Assay_119,737452,"PUBCHEM_BIOASSAY: XBP1 DR counterscreen for CHOP. (Class of assay: confirmatory) [Related pubchem assays (depositor defined):AID2732, AID493217]"
Assay_120,737622,"PUBCHEM_BIOASSAY: Dose Response selectivity of uHTS chemical inhibitors of B-cell specific antigen receptor-induced NF-kB activation in Jurkat cells using a luminescence assay. (Class of assay: confirmatory) [Related pubchem assays (depositor defined):AID435022, AID435025, AID465]"
Assay_121,737212,"PUBCHEM_BIOASSAY: uHTS Fluorescence assay for the identification of cytotoxic compounds among compounds active in NOD1 cell inhibition assay. Cytotoxicity counterscreen. (Class of assay: confirmatory) [Related pubchem assays (depositor defined):AID1566, AID1575, AID1578, AID1852, AID2001, AID2260, AID2264, AID2334, AID2335, AID2466, AID2469, AID2475, AID2503, AID2793, AID2798, AID2799, AID2800]"
Assay_122,737403,"PUBCHEM_BIOASSAY: uHTS luminescence assay for the identification of compounds that inhibit NOD2 in MDP treated cells. (Class of assay: confirmatory) [Related pubchem assays (depositor defined):AID1566, AID1579, AID1849, AID2260, AID2335, AID2469, AID2503, AID2800]"
Assay_123,737353,"PUBCHEM_BIOASSAY: Luminescent assay for HTS discovery of chemical inhibitors of placental alkaline phosphatase confirmation. (Class of assay: confirmatory) [Related pubchem assays (depositor defined):AID1577, AID518, AID690]"
Assay_124,737421,"PUBCHEM_BIOASSAY: CHOP dose-response primary assay. (Class of assay: confirmatory) [Related pubchem assays (depositor defined):AID2732, AID493217]"
Assay_125,736962,"PUBCHEM_BIOASSAY: Dose response confirmation of uHTS chemical inhibitors of T-cell specific antigen receptor-induced NF-kB activation in a Jurkat cell line using a luminescence assay. (Class of assay: confirmatory) [Related pubchem assays (depositor defined):AID435003, AID435012, AID465]"
Assay_126,737022,"PUBCHEM_BIOASSAY: Dose Response selectivity of uHTS chemical inhibitors of T-cell specific antigen receptor-induced NF-kB activation in a 697B cell line using a luminescence assay. (Class of assay: confirmatory) [Related pubchem assays (depositor defined):AID435003, AID435012, AID465]"
Assay_127,737053,"PUBCHEM_BIOASSAY: Elucidation of physiology of non-replicating, drug-tolerant Mycobacterium tuberculosis. (Class of assay: confirmatory) [Related pubchem assays (depositor defined):AID488929, AID489018, AID489025, AID492952, AID492998]"
Assay_128,752398,"PUBCHEM_BIOASSAY: Dose Response orthogonal kinetic assay utilizing the direct detection of NADPH for uHTS small molecule inhibitors of Plasmodium falciparum Glucose-6-phosphate dehydrogenase. (Class of assay: confirmatory) [Related pubchem assays (depositor defined):AID504690, AID504696]"
Assay_129,752327,PUBCHEM_BIOASSAY: Dose response confirmation of uHTS hits for small molecule modulators of myocardial damage using 2-dexoy-glucose. (Class of assay: confirmatory)
Assay_130,752533,PUBCHEM_BIOASSAY: Dose response confirmation of uHTS hits for small molecule modulators of myocardial damage. (Class of assay: confirmatory)
Assay_131,809336,PUBCHEM_BIOASSAY: Dose Response confirmation of uHTS hits for small molecule antagonists of the CRF-binding protein and CRF-R2 receptor complex. (Class of assay: confirmatory)
Assay_132,845098,PubChem BioAssay. Dose response confirmation of uHTS inhibitor hits of the mitochondrial permeability transition pore via a fluorescent based counterscreen assay. (Class of assay: confirmatory)
Assay_133,845258,PubChem BioAssay. Dose response confirmation of uHTS inhibitor hits of the mitochondrial permeability transition pore via an absorbance assay. (Class of assay: confirmatory)
Assay_134,1495389,PubChem BioAssay. Increased HeLa cells with 4N DNA content-IC50.   (Class of assay: confirmatory)
Assay_135,1495390,PubChem BioAssay. alkaline phosphatase stimulation in WNT3A conditioned C2C12 cells-IC50.   (Class of assay: confirmatory)
Assay_136,1495392,PubChem BioAssay. HT-29 viability from Cell TiterGlo-IC50.   (Class of assay: confirmatory)
Assay_137,1495393,PubChem BioAssay. DLD-1 viability from Cell TiterGlo-IC50.   (Class of assay: confirmatory)
Assay_138,1495295,PubChem BioAssay. Decreased HeLa cell count-IC50.   (Class of assay: confirmatory)
Assay_139,1495296,PubChem BioAssay. HCT116 viability from Cell TiterGlo-IC50.   (Class of assay: confirmatory)
Assay_140,1495265,PubChem BioAssay. SW480 viability from Cell TiterGlo-IC50.   (Class of assay: confirmatory)
Assay_141,1495307,PubChem BioAssay. SNU-C1 viability from Cell TiterGlo-IC50.   (Class of assay: confirmatory)
Assay_142,1495312,PubChem BioAssay. VEGF stimulated ADSC/ECFC co-culture CD31-stained tube area decrease-IC50.   (Class of assay: confirmatory)
Assay_143,1495290,PubChem BioAssay. RKO viability from Cell TiterGlo-IC50.   (Class of assay: confirmatory)
Assay_144,1495338,PubChem BioAssay. Colo320 viability from Cell TiterGlo-IC50.   (Class of assay: confirmatory)
Assay_145,1495260,PubChem BioAssay. Increased HeLa cells with 2N DNA content-IC50.   (Class of assay: confirmatory)
Assay_146,1495408,PubChem BioAssay. Increased chromatin condensation in HeLa cells-IC50.   (Class of assay: confirmatory)
Assay_147,737187,PUBCHEM_BIOASSAY: qHTS Assay for Inhibitors of JMJD2A-Tudor Domain. (Class of assay: confirmatory) [Related pubchem assays (depositor defined):AID504402]
Assay_148,737127,"PUBCHEM_BIOASSAY: Validation screen for small molecules that induce genotoxicity in human embryonic kidney (HEK293T) cells expressing luciferase-tagged ELG1. (Class of assay: confirmatory) [Related pubchem assays (depositor defined):AID493143, AID504466]"
Assay_149,737173,"PUBCHEM_BIOASSAY: Nrf2 qHTS screen for inhibitors: Validation. (Class of assay: confirmatory) [Related pubchem assays (depositor defined):AID493163, AID504444, AID504648]"
Assay_150,737400,PUBCHEM_BIOASSAY: qHTS Assay for Inhibitors of GCN5L2. (Class of assay: confirmatory) [Related pubchem assays (depositor defined):AID504398]
Assay_151,737623,PUBCHEM_BIOASSAY: qHTS assay for re-activators of p53 using a Luc reporter. (Class of assay: confirmatory) [Related pubchem assays (depositor defined):AID504709]
Assay_152,737717,PUBCHEM_BIOASSAY: qHTS Validation Assay for Inhibitors for MPP8 Chromodomain Interactions with Methylated Histone Tails. (Class of assay: confirmatory)
Assay_153,737718,"PUBCHEM_BIOASSAY: qHTS Assay for Inhibitors of Mammalian Selenoprotein Thioredoxin Reductase 1 (TrxR1). (Class of assay: confirmatory) [Related pubchem assays (depositor defined):AID488771, AID488772]"
Assay_154,737287,"PUBCHEM_BIOASSAY: qHTS screen for small molecules that induce genotoxicity in human embryonic kidney (HEK293T) cells expressing luciferase-tagged ELG1. (Class of assay: confirmatory) [Related pubchem assays (depositor defined):AID493106, AID493143]"
Assay_155,737344,PUBCHEM_BIOASSAY: qHTS Assay for Inhibitors of Histone Lysine Methyltransferase G9a. (Class of assay: confirmatory) [Related pubchem assays (depositor defined):AID504404]
Assay_156,737407,PUBCHEM_BIOASSAY: qHTS Validation Assay for Inhibitors of HP1-beta Chromodomain Interactions with Methylated Histone Tails. (Class of assay: confirmatory) [Related pubchem assays (depositor defined):AID488962]
Assay_157,736947,PUBCHEM_BIOASSAY: qHTS Assay for Inhibitors of BAZ2B. (Class of assay: confirmatory) [Related pubchem assays (depositor defined):AID504391]
Assay_158,736963,"PUBCHEM_BIOASSAY: qHTS Assay for Inhibitors of 15-hLO-2 (15-human lipoxygenase 2). (Class of assay: confirmatory) [Related pubchem assays (depositor defined):AID2312, AID2537, AID2702]"
Assay_159,752347,PUBCHEM_BIOASSAY: Inhibitors of the vitamin D receptor (VDR): qHTS. (Class of assay: confirmatory) [Related pubchem assays (depositor defined):AID504855]
Assay_160,752328,"PUBCHEM_BIOASSAY: qHTS for Inhibitors of ATXN expression: Validation. (Class of assay: confirmatory) [Related pubchem assays (depositor defined):AID588349, AID588380]"
Assay_161,752407,"PUBCHEM_BIOASSAY: Primary qHTS for delayed death inhibitors of the malarial parasite plastid, 96 hour incubation. (Class of assay: confirmatory) [Related pubchem assays (depositor defined):AID488745, AID488752, AID488774, AID504848, AID504850]"
Assay_162,752411,PUBCHEM_BIOASSAY: HTS for Inhibitors of HP1-beta Chromodomain Interactions with Methylated Histone Tails. (Class of assay: confirmatory) [Related pubchem assays (depositor defined):AID488962]
Assay_163,752493,PUBCHEM_BIOASSAY: qHTS for Inhibitors of Polymerase Iota. (Class of assay: confirmatory) [Related pubchem assays (depositor defined):AID588623]
Assay_164,752471,PUBCHEM_BIOASSAY: qHTS Assay for Inhibitors of RanGTP induced Rango (Ran-regulated importin-beta cargo) - Importin beta complex dissociation. (Class of assay: confirmatory) [Related pubchem assays (depositor defined):AID540262]
Assay_165,752434,PUBCHEM_BIOASSAY: qHTS Assay for Inhibitors of Mammalian Selenoprotein Thioredoxin Reductase 1 (TrxR1): qHTS. (Class of assay: confirmatory) [Related pubchem assays (depositor defined):AID488771]
Assay_166,752496,PUBCHEM_BIOASSAY: qHTS Assay for the Inhibitors of Human Flap endonuclease 1 (FEN1). (Class of assay: confirmatory) [Related pubchem assays (depositor defined):AID488813]
Assay_167,752509,PUBCHEM_BIOASSAY: Inhibitors of Regulator of G Protein Signaling (RGS) 4: qHTS. (Class of assay: confirmatory) [Related pubchem assays (depositor defined):AID504856]
Assay_168,752563,"PUBCHEM_BIOASSAY: qHTS for Inhibitors of TGF-b: Cytotox Counterscreen. (Class of assay: confirmatory) [Related pubchem assays (depositor defined):AID588855, AID588860]"
Assay_169,752546,PUBCHEM_BIOASSAY: qHTS for Inhibitors of Polymerase Kappa. (Class of assay: confirmatory) [Related pubchem assays (depositor defined):AID588638]
Assay_170,752522,PUBCHEM_BIOASSAY: qHTS for Inhibitors of Cell Surface uPA Generation. (Class of assay: confirmatory) [Related pubchem assays (depositor defined):AID493178]
Assay_171,752590,"PUBCHEM_BIOASSAY: Primary qHTS for delayed death inhibitors of the malarial parasite plastid, 48 hour incubation. (Class of assay: confirmatory) [Related pubchem assays (depositor defined):AID488752, AID488774, AID504848, AID504850]"
Assay_172,752594,"PUBCHEM_BIOASSAY: qHTS for Inhibitors of TGF-b. (Class of assay: confirmatory) [Related pubchem assays (depositor defined):AID588856, AID588860]"
Assay_173,752477,PUBCHEM_BIOASSAY: Inhibitors of USP1/UAF1: Pilot qHTS. (Class of assay: confirmatory) [Related pubchem assays (depositor defined):AID504878]
Assay_174,809095,PUBCHEM_BIOASSAY: S16 Schwann cell PMP22 intronic element firefly luciferase assay. (Class of assay: confirmatory)
Assay_175,809421,PUBCHEM_BIOASSAY: qHTS for Inhibitors of mutant isocitrate dehydrogenase 1 (IDH1): qHTS. (Class of assay: confirmatory)
Assay_176,845045,PubChem BioAssay. A quantitative high throughput screen for small molecules that induce DNA re-replication in MCF 10a normal breast cells. (Class of assay: confirmatory)
Assay_177,845063,PubChem BioAssay. qHTS of GLP-1 Receptor Inverse Agonists: Cytotox Screen. (Class of assay: confirmatory)
Assay_178,845102,PubChem BioAssay. qHTS Assay for Activators of ClpP. (Class of assay: confirmatory)
Assay_179,845127,PubChem BioAssay. qHTS for Inhibitors of Glutaminase (GLS). (Class of assay: confirmatory)
Assay_180,845164,PubChem BioAssay. qHTS Assay for Inhibitors of Hepatitis C Virus (HCV). (Class of assay: confirmatory)
Assay_181,845133,PubChem BioAssay. HTS Assay for Allosteric Antagonists of the Human D2 Dopamine Receptor: Hit Validation in HTRF. (Class of assay: confirmatory)
Assay_182,845169,PubChem BioAssay. A quantitative high throughput screen for small molecules that induce DNA re-replication in SW480 colon adenocarcinoma cells. (Class of assay: confirmatory)
Assay_183,845173,PubChem BioAssay. qHTS for Inhibitors of ATXN expression. (Class of assay: confirmatory)
Assay_184,845177,PubChem BioAssay. qHTS of GLP-1 Receptor Inverse Agonists (Inhibition Mode). (Class of assay: confirmatory)
Assay_185,845185,PubChem BioAssay. qHTS for Inhibitors of WRN Helicase. (Class of assay: confirmatory)
Assay_186,845196,PubChem BioAssay. qHTS Assay to Identify Small Molecule Activators of BRCA1 Expression. (Class of assay: confirmatory)
Assay_187,845199,"PubChem BioAssay. qHTS for Agonist of gsp, the Etiologic Mutation Responsible for Fibrous Dysplasia/McCune-Albright Syndrome: qHTS. (Class of assay: confirmatory)"
Assay_188,845186,PubChem BioAssay. qHTS assay for small molecule activators of the rat pregnane X receptor (rPXR) signaling pathway. (Class of assay: confirmatory)
Assay_189,845225,PubChem BioAssay. qHTS Assay for Inhibitors of the HIV-1 protein Vpr. (Class of assay: confirmatory)
Assay_190,845231,PubChem BioAssay. qHTS assay for small molecule antagonists of the retinoid-related orphan receptor gamma (ROR-gamma) signaling pathway. (Class of assay: confirmatory)
Assay_191,954272,PubChem BioAssay. qHTS for Inhibitors of human tyrosyl-DNA phosphodiesterase 1 (TDP1): qHTS in cells in absence of CPT. (Class of assay: confirmatory)
Assay_192,954305,PubChem BioAssay. qHTS for Inhibitors of human tyrosyl-DNA phosphodiesterase 1 (TDP1): qHTS in cells in presence of CPT. (Class of assay: confirmatory)
Assay_193,954338,PubChem BioAssay. qHTS of TDP-43 Inhibitors. (Class of assay: confirmatory)
Assay_194,954333,PubChem BioAssay. qHTS of alpha-syn Inhibitors. (Class of assay: confirmatory)
Assay_195,1301428,PubChem BioAssay. Inhibitors of USP1/UAF1: Primary Screen.   (Class of assay: confirmatory)
Assay_196,1301460,PubChem BioAssay. qHTS for Stage-Specific Inhibitors of Vaccinia Orthopoxvirus: mCherry Reporter Primary qHTS.   (Class of assay: confirmatory)
Assay_197,1301485,PubChem BioAssay. qHTS for Antagonist of cAMP-regulated guanine nucleotide exchange factor 2 (EPAC2): primary screen.   (Class of assay: confirmatory)
Assay_198,1301620,PubChem BioAssay. qHTS for Inhibitors of AMA1-RON; Towards Development of Antimalarial Drug Lead: Primary Screen.   (Class of assay: confirmatory)
Assay_199,1301608,PubChem BioAssay. qHTS for Inhibitors of binding or entry into cells for Lassa Virus.   (Class of assay: confirmatory)
Assay_200,1301593,PubChem BioAssay. Cell Proliferation Assay Versus the ED40515 IL2 Independent  ATL cell lines.   (Class of assay: confirmatory)
Assay_201,1301717,PubChem BioAssay. qHTS for Inhibitors of PLK1-PDB (polo-like kinase 1 - polo-box domain): Primary Screen.   (Class of assay: confirmatory)
Assay_202,1301709,PubChem BioAssay. qHTS for Stage-Specific Inhibitors of Vaccinia Orthopoxvirus: Venus Reporter Primary qHTS.   (Class of assay: confirmatory)
Assay_203,688671,PubChem BioAssay. qHTS Assay for Inhibitors of the Human Apurinic/apyrimidinic Endonuclease 1 (APE1).   (Class of assay: confirmatory)
Assay_204,845206,"PubChem BioAssay. qHTS for Antagonists of gsp, the Etiologic Mutation Responsible for Fibrous Dysplasia/McCune-Albright Syndrome: qHTS.   (Class of assay: confirmatory)"
Assay_205,1301866,PubChem BioAssay. qHTS for Inhibitors of binding or entry into cells for Marburg Virus.   (Class of assay: confirmatory)
Assay_206,1301890,PubChem BioAssay. qHTS for Antagonist of cAMP-regulated guanine nucleotide exchange factor 3 (EPAC1): primary screen.   (Class of assay: confirmatory)
Assay_207,1301859,PubChem BioAssay. qHTS for Agonist of cAMP-regulated guanine nucleotide exchange factor 4 (EPAC2): primary screen.   (Class of assay: confirmatory)
Assay_208,1301893,PubChem BioAssay. qHTS Assay for Identifying Gametocytocidal Compounds.   (Class of assay: confirmatory)
Assay_209,1495346,PubChem BioAssay. High Throughput Screening for Foot and Mouth Disease Virus Antivirals.   (Class of assay: confirmatory)
